<?xml version='1.0' encoding='UTF-8'?>
<types:mule xmlns:types="http://www.mulesoft.org/schema/mule/types">
  <types:catalog>
    <types:type name="GetCitiesByCountryResponse" format="json">
      <types:shape format="weave" example="schemas/GetCitiesByCountry.json"><![CDATA[%dw 2.0

type GetCitiesByCountryResponse = {|
  GetCitiesByCountryResponse: {|
    Table: Array<{|      Country: String,       City: String    |}>
  |}
|} {"example": "{\"GetCitiesByCountryResponse\":{\"Table\":[{\"Country\":\"Australia\",\"City\":\"Brisbane\"}]}}"}

]]></types:shape>
    </types:type>
    <types:type name="GetCitiesResponse" format="json">
      <types:shape format="weave" example="schemas/GetWeather.json"><![CDATA[%dw 2.0

type GetCitiesResponse = {|
  GetWeatherResponse: {|
    Location: String, 
    Time: String, 
    Wind: String, 
    Visibility: String, 
    SkyConditions: String, 
    Temperature: String, 
    DewPoint: String, 
    RelativeHumidity: String, 
    Status: String
  |}
|} {"example": "{\"GetWeatherResponse\":{\"Location\":\"Melbourne\",\"Time\":\"11 AM\",\"Wind\":\"15 km per hour\",\"Visibility\":\"10 km\",\"SkyConditions\":\"sunny\",\"Temperature\":\"18\",\"DewPoint\":\"2 C\",\"RelativeHumidity\":\"35\",\"Status\":\"Normal\"}}"}

]]></types:shape>
    </types:type>
  </types:catalog>
  <types:enrichment select="#6b475b6e-ee46-4ec8-b6a3-6b40fdb6b58f">
    <types:processor-declaration>
      <types:input-event>
        <types:message>
          <types:payload type="GetCitiesByCountryResponse"/>
        </types:message>
      </types:input-event>
      <types:output-event>
        <types:message>
          <types:payload type="GetCitiesByCountryResponse"/>
        </types:message>
      </types:output-event>
    </types:processor-declaration>
  </types:enrichment>
  <types:enrichment select="#a3a2d642-fa17-45b0-8121-7507d6e3b0e9">
    <types:processor-declaration>
      <types:input-event>
        <types:message>
          <types:payload type="GetCitiesResponse"/>
        </types:message>
      </types:input-event>
      <types:output-event>
        <types:message>
          <types:payload type="GetCitiesResponse"/>
        </types:message>
      </types:output-event>
    </types:processor-declaration>
  </types:enrichment>
</types:mule>