<?xml version="1.0" encoding="UTF-8"?>

<mule xmlns:ee="http://www.mulesoft.org/schema/mule/ee/core" xmlns:wsc="http://www.mulesoft.org/schema/mule/wsc"
	xmlns:apikit-soap="http://www.mulesoft.org/schema/mule/apikit-soap"
	xmlns="http://www.mulesoft.org/schema/mule/core" xmlns:doc="http://www.mulesoft.org/schema/mule/documentation" xmlns:xsi="http://www.w3.org/2001/XMLSchema-instance" xsi:schemaLocation="http://www.mulesoft.org/schema/mule/core http://www.mulesoft.org/schema/mule/core/current/mule.xsd
http://www.mulesoft.org/schema/mule/wsc http://www.mulesoft.org/schema/mule/wsc/current/mule-wsc.xsd
http://www.mulesoft.org/schema/mule/ee/core http://www.mulesoft.org/schema/mule/ee/core/current/mule-ee.xsd
http://www.mulesoft.org/schema/mule/apikit-soap http://www.mulesoft.org/schema/mule/apikit-soap/current/mule-apikit-soap.xsd">

	<wsc:config name="Web_Service_Consumer_Config" doc:name="Web Service Consumer Config" doc:id="8b9c6b8e-8adc-4059-8f95-763500bb36aa" >
		<wsc:connection wsdlLocation="http://192.168.0.24:8080/GlobalWeather?wsdl" address="http://192.168.0.24:8080/GlobalWeather" service="GlobalWeather" port="GlobalWeatherSoap"/>
	</wsc:config>
	
	<flow name="impl-weather:\getWeather" doc:id="54d0370b-3396-4d59-9228-021aaf67ef8d" >
		<logger level="INFO" doc:name="Logger" doc:id="fc6c46c1-1d25-4f52-8947-1085302fa41a" message="#['Creating SOAP payload using city ' ++ vars.cityName ++ ', country ' ++ vars.countryName]"/>
		<ee:transform doc:name="Create SOAP Payload" doc:id="4d64ec76-ddae-4709-8a70-008155d6256f" >
			<ee:message >
				<ee:set-payload ><![CDATA[%dw 2.0
output application/xml encoding="UTF-8"
ns soapenv http://schemas.xmlsoap.org/soap/envelope/
ns web http://www.webserviceX.NET
---
{
	soapenv#Envelope: {
		soapenv#Body: {
			web#GetWeather: {
				web#CityName: vars.cityName,
				web#CountryName: vars.countryName
			}		
		}	
	}
}]]></ee:set-payload>
			</ee:message>
		</ee:transform>
		<logger level="INFO" doc:name="Logger" doc:id="c5bdd414-1c62-4ecc-9a1f-3fde1c0df8e2" message="#[payload]" />
		<try doc:name="Try" doc:id="d38131b0-15ee-42ec-99d0-378939f2130f" >
			<wsc:consume doc:name="GetWeather" doc:id="60b6c71a-8a53-4dfa-af35-60f8b21f5af2" config-ref="Web_Service_Consumer_Config" operation="GetWeather">
		</wsc:consume>
			<ee:transform doc:name="Create JSON Response" doc:id="a3a2d642-fa17-45b0-8121-7507d6e3b0e9">
			<ee:message>
				<ee:set-payload><![CDATA[%dw 2.0
output application/json
---
{
	GetWeatherResponse: {
		Location: payload.GetWeatherResponse.Location,
		Time: payload.GetWeatherResponse.Time,
		Wind: payload.GetWeatherResponse.Wind,
		Visibility: payload.GetWeatherResponse.Visibility,
		SkyConditions: payload.GetWeatherResponse.SkyConditions,
		Temperature: payload.GetWeatherResponse.Temperature,
		DewPoint: payload.GetWeatherResponse.DewPoint,
		RelativeHumidity: payload.GetWeatherResponse.RelativeHumidity,
		Status: payload.GetWeatherResponse.Status
	}
}]]></ee:set-payload>
			</ee:message>
		</ee:transform>
			<error-handler >
				<on-error-continue enableNotifications="true" logException="true" doc:name="On Error Continue" doc:id="6653a283-2bdb-4edb-bd7f-61b44fe7f65c" type="ANY">
					<ee:transform doc:name="Create JSON Error Response" doc:id="0cb1da96-587f-440c-a1e5-748bc793136c" >
						<ee:message >
							<ee:set-payload ><![CDATA[%dw 2.0
output application/json
---
{
	GetWeatherErrorResponse: {
		ErrorMessage : "The requested service is unavailable"
	}
}]]></ee:set-payload>
						</ee:message>
					</ee:transform>
				</on-error-continue>
			</error-handler>
		</try>
		<logger level="INFO" doc:name="Logger" doc:id="4e018dcc-3239-46c6-9981-44e5d4c29dc4" message="SOAP response as JSON #[payload]"/>
	</flow>
	<flow name="impl-weather:\getCitiesByCountry" doc:id="17e7f1e5-6cb7-42cf-9f08-b337ef6a23e4" >
		<logger level="INFO" doc:name="Logger" doc:id="b69682d1-d1ae-4125-936f-e6aefb600e90" message="#['Creating SOAP payload using country ' ++ vars.countryName]"/>
		<ee:transform doc:name="Create SOAP Payload" doc:id="84f0bdb5-ce24-42c3-beaf-f68934e894df" >
			<ee:message >
				<ee:set-payload ><![CDATA[%dw 2.0
output application/xml encoding="UTF-8"
ns soapenv http://schemas.xmlsoap.org/soap/envelope/
ns web http://www.webserviceX.NET
---
{
	soapenv#Envelope: {
		soapenv#Body: {
			web#GetCitiesByCountry: {
				web#CountryName: vars.countryName
			}		
		}	
	}
}]]></ee:set-payload>
			</ee:message>
		</ee:transform>
		<logger level="INFO" doc:name="Logger" doc:id="68ccb8ca-304f-41e6-a293-52b81fb64246" message="#[payload]"/>
		<try doc:name="Try" doc:id="ade8fa0d-7cd6-42b3-978f-6c997f32dc7b" >
			<wsc:consume doc:name="GetCitiesByCountry" doc:id="38871a39-7a79-42f7-8894-28788ede90cd" config-ref="Web_Service_Consumer_Config" operation="GetCitiesByCountry" />
			<ee:transform doc:name="Create JSON Response" doc:id="6b475b6e-ee46-4ec8-b6a3-6b40fdb6b58f">
			<ee:message>
				<ee:set-payload><![CDATA[%dw 2.0
output application/json
---
{
	GetCitiesByCountryResponse: {
		Table: payload.GetCitiesByCountryResponse.Table map ( table , indexOfTable ) -> {
			Country: table.Country,
			City: table.City
		}
	}
}]]></ee:set-payload>
			</ee:message>
		</ee:transform>
			<error-handler >
				<on-error-continue enableNotifications="true" logException="true" doc:name="On Error Continue" doc:id="374889d8-90a2-4e8e-b728-01db2b6492c1" type="ANY">
					<ee:transform doc:name="Create JSON Error Response" doc:id="30eeb8a8-b643-4a10-9f89-ae5bb17300b0" >
						<ee:message >
							<ee:set-payload ><![CDATA[%dw 2.0
output application/json
---
{
	GetCitiesByCountryErrorResponse: {
		ErrorMessage : "The requested service is unavailable"
	}
}]]></ee:set-payload>
						</ee:message>
					</ee:transform>
				</on-error-continue>
			</error-handler>
		</try>
		<logger level="INFO" doc:name="Logger" doc:id="1f3c9e98-9a77-401a-af30-5db3ffa7a7cc" message="SOAP response as JSON #[payload]"/>
	</flow>
</mule>
